Image,target
108.jpg,manipuri
11.jpg,kathak
110.jpg,manipuri
112.jpg,bharatanatyam
114.jpg,kuchipudi
119.jpg,bharatanatyam
125.jpg,kuchipudi
128.jpg,bharatanatyam
129.jpg,bharatanatyam
13.jpg,kuchipudi
132.jpg,kuchipudi
138.jpg,bharatanatyam
14.jpg,kathak
145.jpg,kuchipudi
146.jpg,odissi
147.jpg,kuchipudi
150.jpg,kathak
152.jpg,odissi
157.jpg,kuchipudi
162.jpg,kuchipudi
17.jpg,kathak
170.jpg,bharatanatyam
171.jpg,bharatanatyam
173.jpg,kuchipudi
175.jpg,kathak
183.jpg,kathakali
189.jpg,kathakali
193.jpg,kathakali
194.jpg,kathakali
196.jpg,kathakali
198.jpg,kathakali
20.jpg,kathak
200.jpg,kathakali
202.jpg,kathakali
206.jpg,kathakali
210.jpg,kathakali
215.jpg,kathakali
216.jpg,kathakali
217.jpg,kathakali
220.jpg,kathakali
224.jpg,kathakali
226.jpg,kathakali
23.jpg,kathak
232.jpg,kathakali
238.jpg,kathakali
239.jpg,kathakali
246.jpg,kuchipudi
256.jpg,mohiniyattam
264.jpg,odissi
269.jpg,odissi
270.jpg,manipuri
271.jpg,mohiniyattam
275.jpg,kuchipudi
278.jpg,mohiniyattam
28.jpg,kathak
280.jpg,sattriya
283.jpg,mohiniyattam
284.jpg,odissi
285.jpg,kathak
286.jpg,mohiniyattam
290.jpg,mohiniyattam
291.jpg,mohiniyattam
292.jpg,mohiniyattam
301.jpg,odissi
302.jpg,mohiniyattam
306.jpg,kuchipudi
316.jpg,sattriya
317.jpg,kathak
318.jpg,sattriya
323.jpg,sattriya
324.jpg,sattriya
33.jpg,kathak
330.jpg,sattriya
332.jpg,manipuri
34.jpg,kathak
340.jpg,sattriya
346.jpg,kuchipudi
349.jpg,sattriya
35.jpg,kathak
354.jpg,sattriya
358.jpg,sattriya
360.jpg,sattriya
363.jpg,manipuri
366.jpg,sattriya
373.jpg,kuchipudi
374.jpg,kathak
375.jpg,mohiniyattam
378.jpg,sattriya
38.jpg,kathak
380.jpg,sattriya
385.jpg,kuchipudi
386.jpg,manipuri
390.jpg,kuchipudi
392.jpg,manipuri
394.jpg,odissi
398.jpg,bharatanatyam
40.jpg,kathak
401.jpg,odissi
41.jpg,kathak
410.jpg,kuchipudi
411.jpg,kathak
414.jpg,kuchipudi
416.jpg,sattriya
421.jpg,kuchipudi
424.jpg,kuchipudi
429.jpg,kuchipudi
431.jpg,manipuri
437.jpg,bharatanatyam
438.jpg,kuchipudi
439.jpg,kuchipudi
440.jpg,kuchipudi
441.jpg,kuchipudi
447.jpg,odissi
448.jpg,odissi
45.jpg,kathak
456.jpg,odissi
457.jpg,odissi
458.jpg,odissi
460.jpg,odissi
461.jpg,odissi
463.jpg,odissi
465.jpg,odissi
467.jpg,sattriya
470.jpg,odissi
473.jpg,bharatanatyam
479.jpg,odissi
48.jpg,mohiniyattam
482.jpg,odissi
484.jpg,odissi
485.jpg,odissi
487.jpg,odissi
495.jpg,odissi
498.jpg,odissi
505.jpg,kathak
506.jpg,kuchipudi
507.jpg,odissi
508.jpg,kuchipudi
510.jpg,bharatanatyam
514.jpg,odissi
517.jpg,kuchipudi
518.jpg,odissi
520.jpg,odissi
55.jpg,kathak
57.jpg,kathak
59.jpg,kathakali
6.jpg,kathak
61.jpg,bharatanatyam
64.jpg,sattriya
67.jpg,kathak
71.jpg,manipuri
80.jpg,manipuri
86.jpg,manipuri
9.jpg,kathak
92.jpg,manipuri
95.jpg,manipuri
97.jpg,manipuri
